StaffID,FirstName,LastName,Role
1001,John,Doe,Chef
1002,Jane,Smith,Nurse
1003,Michael,Johnson,Dietitian
1004,Emily,Williams,Cook
1005,David,Brown,Server
1006,Sarah,Jones,Cleaner
1007,Chris,Garcia,Manager
1008,Jessica,Martinez,Assistant
1009,Daniel,Rodriguez,Chef
1010,Laura,Hernandez,Nurse
1011,James,Lopez,Dietitian
1012,Amanda,Gonzalez,Cook
1013,Robert,Wilson,Server
1014,Linda,Anderson,Cleaner
1015,Thomas,Thomas,Manager
1016,Patricia,Taylor,Assistant
1017,Mark,Moore,Chef
1018,Barbara,Jackson,Nurse
1019,Steven,Martin,Dietitian
1020,Susan,Lee,Cook
1021,Paul,Perez,Server
1022,Karen,Thompson,Cleaner
1023,Andrew,White,Manager
1024,Nancy,Harris,Assistant
1025,Joshua,Sanchez,Chef
1026,Betty,Clark,Nurse
1027,Kevin,Ramirez,Dietitian
1028,Lisa,Lewis,Cook
1029,Brian,Robinson,Server
1030,Sandra,Walker,Cleaner
1031,Edward,Young,Manager
1032,Donna,Allen,Assistant
1033,George,King,Chef
1034,Carol,Wright,Nurse
1035,Kenneth,Scott,Dietitian
1036,Michelle,Torres,Cook
1037,Ronald,Nguyen,Server
1038,Dorothy,Hill,Cleaner
1039,Anthony,Flores,Manager
1040,Sharon,Green,Assistant
1041,Matthew,Adams,Chef
1042,Cynthia,Nelson,Nurse
1043,Donald,Baker,Dietitian
1044,Kathleen,Hall,Cook
1045,Jeffrey,Rivera,Server
1046,Deborah,Campbell,Cleaner
1047,Gary,Mitchell,Manager
1048,Rebecca,Carter,Assistant
1049,Frank,Roberts,Chef
1050,Laura,Gomez,Nurse
1051,Scott,Phillips,Dietitian
1052,Kimberly,Evans,Cook
1053,Eric,Turner,Server
1054,Martha,Diaz,Cleaner
1055,Stephen,Parker,Manager
1056,Ruth,Cruz,Assistant
1057,Larry,Edwards,Chef
1058,Anna,Collins,Nurse
1059,Jason,Reyes,Dietitian
1060,Angela,Stewart,Cook
1061,Ryan,Morris,Server
1062,Brenda,Morales,Cleaner
1063,Jacob,Murphy,Manager
1064,Pamela,Cook,Assistant
1065,Nicholas,Rogers,Chef
1066,Katherine,Gutierrez,Nurse
1067,Jonathan,Ortiz,Dietitian
1068,Shirley,Morgan,Cook
1069,Justin,Cooper,Server
1070,Amy,Peterson,Cleaner
1071,Brandon,Bailey,Manager
1072,Emma,Reed,Assistant
1073,Benjamin,Kelly,Chef
1074,Heather,Howard,Nurse
1075,Samuel,Ramos,Dietitian
1076,Melissa,Kim,Cook
1077,Gregory,Cox,Server
1078,Debra,Ward,Cleaner
1079,Patrick,Richardson,Manager
1080,Stephanie,Watson,Assistant
1081,Alexander,Brooks,Chef
1082,Rebecca,Chavez,Nurse
1083,Jack,Wood,Dietitian
1084,Sharon,James,Cook
1085,Dennis,Bennett,Server
1086,Catherine,Gray,Cleaner
1087,Jerry,Mendoza,Manager
1088,Rachel,Ruiz,Assistant
1089,Tyler,Hughes,Chef
1090,Maria,Price,Nurse
1091,Aaron,Alvarez,Dietitian
1092,Janet,Castillo,Cook
1093,Henry,Sanders,Server
1094,Christine,Patel,Cleaner
1095,Douglas,Myers,Manager
1096,Julie,Long,Assistant
1097,Peter,Ross,Chef
1098,Evelyn,Foster,Nurse
1099,Adam,Jimenez,Dietitian
1100,Frances,Powell,Cook
1101,Zachary,Jenkins,Server
1102,Megan,Perry,Cleaner
1103,Nathan,Russell,Manager
1104,Alice,Sullivan,Assistant
1105,Kyle,Bell,Chef
1106,Julia,Coleman,Nurse
1107,Walter,Butler,Dietitian
1108,Victoria,Henderson,Cook
1109,Harold,Barnes,Server
1110,Olivia,Gonzales,Cleaner
1111,Carl,Fisher,Manager
1112,Rose,Vasquez,Assistant
1113,Arthur,Simmons,Chef
1114,Gloria,Romero,Nurse
1115,Lawrence,Jordan,Dietitian
1116,Kathryn,Patterson,Cook
1117,Dylan,Alexander,Server
1118,Judith,Hamilton,Cleaner
1119,Bruce,Graham,Manager
1120,Theresa,Reynolds,Assistant
1121,Ralph,Griffin,Chef
1122,Beverly,Wallace,Nurse
1123,Roy,Moreno,Dietitian
1124,Denise,West,Cook
1125,Wayne,Cole,Server
1126,Marilyn,Hayes,Cleaner
1127,Eugene,Bryant,Manager
1128,Mildred,Herrera,Assistant
1129,Juan,Gibson,Chef
1130,Amber,Ellis,Nurse
1131,Russell,Tran,Dietitian
1132,Danielle,Medina,Cook
1133,Louis,Aguilar,Server
1134,Brittany,Stevens,Cleaner
1135,Philip,Murray,Manager
1136,Diana,Ford,Assistant
1137,Vincent,Castro,Chef
1138,Hannah,Marshall,Nurse
1139,Bobby,Owens,Dietitian
1140,Theresa,Harrison,Cook
1141,Johnny,Fernandez,Server
1142,Doris,McDonald,Cleaner
1143,Alan,Woods,Manager
1144,Shirley,Washington,Assistant
1145,Philip,Kennedy,Chef
1146,Ruth,Wells,Nurse
1147,Albert,Vargas,Dietitian
1148,Helen,Henry,Cook
1149,Joe,Chen,Server
1150,Jean,Freeman,Cleaner
1151,Howard,Webb,Manager
1152,Cheryl,Tucker,Assistant
1153,Randy,Guzman,Chef
1154,Martha,Burns,Nurse
1155,Carlos,Crawford,Dietitian
1156,Janice,Olson,Cook
1157,Craig,Simpson,Server
1158,Marie,Porter,Cleaner
1159,Bradley,Hunter,Manager
1160,Louise,Gordon,Assistant
1161,Gabriel,Mendez,Chef
1162,Evelyn,Silva,Nurse
1163,Keith,Shaw,Dietitian
1164,Joan,Snyder,Cook
1165,Billy,Mason,Server
1166,Ashley,Dixon,Cleaner
1167,Willie,Munoz,Manager
1168,Rose,Hunt,Assistant
1169,Jordan,Hicks,Chef
1170,Diane,Holmes,Nurse
1171,Ethan,Palmer,Dietitian
1172,Julie,Wagner,Cook
1173,Bruce,Black,Server
1174,Alice,Robertson,Cleaner
1175,Bryan,Boyd,Manager
1176,Megan,Rose,Assistant
1177,Louis,Stone,Chef
1178,Kayla,Salazar,Nurse
1179,Randy,Fox,Dietitian
1180,Jacqueline,Warren,Cook
1181,Walter,Mills,Server
1182,Katherine,Meyer,Cleaner
1183,Henry,Rice,Manager
1184,Diana,Schmidt,Assistant
1185,Patrick,Garza,Chef
1186,Emily,Daniels,Nurse
1187,Benjamin,Ferguson,Dietitian
1188,Laura,Nichols,Cook
1189,Samuel,Stephens,Server
1190,Victoria,Soto,Cleaner
1191,Alexander,Greene,Manager
1192,Grace,Hernandez,Assistant
1193,Jack,Ramirez,Chef
1194,Sophia,Peterson,Nurse
1195,Nicholas,Simmons,Dietitian
1196,Isabella,Henderson,Cook
1197,David,Perry,Server
1198,Mia,Cruz,Cleaner
1199,James,Butler,Manager
1200,Olivia,Ortiz,Assistant
